t,n2_acc_std,n3_acc_std,n4_acc_std,n5_acc_std,n6_acc_std,n7_acc_std,n8_acc_std,n9_acc_std,n10_acc_std,n11_acc_std,n12_acc_std,n13_acc_std,n14_acc_std,n15_acc_std,n16_acc_std,n17_acc_std,n18_acc_std,n19_acc_std,n20_acc_std,n21_acc_std,n22_acc_std,n23_acc_std,n24_acc_std,n25_acc_std
0,0.13639648089302012,0.13674428690076962,0.14244648117801997,0.14849579118614775,0.15903144343179434,0.15900943368240764,0.17770481141488542,0.1577941697275283,0.15968719422671313,0.1605584005899411,0.16449620056402517,0.14878171930717835,0.1411523999087511,0.15124483462254174,0.1553576518875076,0.14784789481084942,0.16062378404209013,0.14575321608801636,0.15252540771950096,0.14876491521860924,0.1463523146383411,0.15771810295587504,0.1271966980703509,0.1365430335095863
1,0.1599874995116806,0.14628738838327793,0.13462540622037134,0.15651198037211084,0.15561490931141525,0.17233687939614087,0.15236797563792726,0.15736581585592216,0.15203946855997622,0.15968719422671315,0.1608570794214541,0.14437451298619158,0.1709122581911549,0.17790727922150912,0.1567035417595914,0.1291317157014496,0.12953377937819927,0.16752313273097538,0.14527215837867902,0.1526302722267113,0.1570827807240501,0.152246510633249,0.16007498243010992,0.13898201322473352
2,0.14595889832415151,0.13804347141389917,0.15235156710713546,0.16461773901982737,0.15529327094243328,0.1519045753096331,0.14876491521860927,0.15903144343179434,0.1479019945774904,0.15580757362849856,0.15855283031217074,0.16770211686201222,0.1558813651467038,0.1268857754044952,0.14732277488562315,0.13378714437493613,0.1394955196413132,0.14739063742314162,0.13568714014231414,0.1593737745050923,0.14696938456699069,0.15098344280085815,0.14342593907658407,0.13177253128023306
3,0.14996999699939983,0.16,0.1563937338898205,0.14857657958103626,0.14662537297480266,0.14754999152829523,0.17092688495377198,0.1590597372058687,0.1595587666034054,0.1619382598399773,0.13518505834595776,0.15451860729374958,0.14525494828060073,0.15165750888103102,0.141548578233764,0.14832396974191325,0.14800000000000002,0.16130406070524075,0.14711899945282392,0.13932336487466845,0.1371531990148243,0.1361469794009401,0.13444329659748752,0.13963881981741325
4,0.14089357685856368,0.15092713473726319,0.16229294500994182,0.15261389189716643,0.16762756336593332,0.16266222671536254,0.16630093204789922,0.16,0.16483628241379386,0.1757128339080558,0.1499199786552813,0.142464030548065,0.1744104354676061,0.14641038214552957,0.15576905982896608,0.1586789210953994,0.13390668392578467,0.14497930886854166,0.14919450392021819,0.14458215657542253,0.1463523146383411,0.16076069171286866,0.14965293181224348,0.14905032707109367
5,0.15071828024496564,0.14098226838861685,0.15657586020839864,0.15495483212859157,0.14595889832415151,0.16432893841317178,0.17390802166662697,0.17463962895059074,0.14863041411501213,0.1581012333917734,0.15363593329686903,0.14659809002848573,0.14618823482072696,0.1499166435056495,0.17333205127730997,0.13504073459515836,0.14437451298619158,0.14563996704201768,0.1366565036871645,0.14790199457749043,0.14585952145814823,0.14966629547095764,0.15427248620541512,0.13385066305401705
6,0.154,0.132,0.13526270735128734,0.13518505834595773,0.16575886099994774,0.1458629493737186,0.16774683305505353,0.15344054223053308,0.16655029270463623,0.1633738045097806,0.1565247584249853,0.15186836405255705,0.16515144564913747,0.1570827807240501,0.14927826365549673,0.1459314907756376,0.15503547981026797,0.15177615095923336,0.12041179344233688,0.14413882197381803,0.13979985693841035,0.15012994371543606,0.1486741403203664,0.13845938032506142
7,0.14804053498957642,0.15066519173319365,0.14084033513166602,0.15311433636338562,0.15684387141358122,0.14029967925836465,0.14577722730248371,0.15905973720586866,0.14675149062275314,0.17070149384232114,0.17376996288196647,0.16847551750922152,0.14160155366379282,0.15249918032566603,0.16987936896515715,0.1409219642213378,0.1469693845669907,0.15588457268119896,0.1373280743329637,0.15116547224812946,0.15497096502248411,0.14795607456268905,0.13984276885130673,0.15
8,0.17452506983238825,0.1574293492332354,0.1440104162899337,0.1649969696691427,0.14671059948074647,0.13999999999999999,0.14852272553383875,0.1504127654157053,0.13773525329413672,0.1455025772967613,0.14499655168313486,0.16698502926909348,0.1336974195712094,0.1546091847207015,0.1655868352255094,0.1536587127370264,0.1509271347372632,0.1372989439143652,0.14630105946301278,0.1524827859136893,0.14212670403551894,0.1468706914261658,0.13906473312813714,0.14996999699939983
9,0.14270248771482577,0.1480911881240744,0.15923567439490435,0.1558974021592406,0.15702229141112417,0.16750820875407868,0.17853571071357124,0.1412657070912824,0.17172943836162743,0.16212340978402842,0.154,0.16388715629969297,0.1689852064531094,0.1367333170810977,0.1344767637921139,0.14978651474682225,0.14798648586948743,0.17754999295972954,0.13654303350958627,0.14216539663363936,0.15045265035884214,0.13607350954539243,0.15224651063324898,0.13453624047073715
10,0.15903144343179432,0.1434538253236908,0.16563815985454558,0.1553415591527264,0.17937669859822933,0.14958609561052127,0.1611955334368791,0.16933694221876097,0.15386682553429118,0.14894294209528694,0.14654350889752846,0.1471189994528239,0.14934523762075574,0.15534155915272643,0.1502631025900903,0.15651198037211084,0.14093970341958295,0.13862178760930766,0.1530065358081151,0.13955285736952863,0.13057947771376635,0.14164744967700618,0.13370115930686616,0.14427751037497147
11,0.15538339679644025,0.16704490414256878,0.14857994481086603,0.165924681708298,0.14822617852457776,0.15979987484350544,0.14373239022572468,0.15213152204589292,0.12934836682386058,0.16361845861637983,0.1616508583336321,0.1422814112946593,0.15589740215924064,0.14143549766589716,0.14239030865898142,0.13078226179417454,0.1310381623802776,0.14098226838861688,0.14550257729676133,0.14022838514366484,0.13638181696985857,0.13862178760930766,0.1362754563375225,0.1477125587077822
12,0.16384138671288154,0.14772948250095508,0.16486054712999104,0.1437045580348793,0.16376507564190848,0.17369801380557004,0.16999999999999998,0.15404869360043272,0.11556816170554933,0.12024558203942463,0.13601470508735444,0.15317963311093288,0.13497777594848717,0.1417603611733548,0.14219353009191382,0.15802215034608283,0.15169377047196103,0.13219682295728594,0.14687069142616574,0.16466936569987756,0.14448183276799892,0.1221310771261762,0.14635231463834117,0.13143439428094916
13,0.14437451298619156,0.15708278072405008,0.15714961024450555,0.16724532878379597,0.14725488107359974,0.17024687956024334,0.15726092966786126,0.1707014938423211,0.15825296205758677,0.1394130553427476,0.15716233645501712,0.14852272553383877,0.14517231140957976,0.14790537515587457,0.12747941010218083,0.14177446878757827,0.13234802605252563,0.15660140484682758,0.1187055179846329,0.14932849694549263,0.13686124360095522,0.14668333238647124,0.13671503209230507,0.14046707799338606
14,0.15536730672828178,0.14079772725438433,0.15243359209832982,0.16962016389568782,0.1313620949893842,0.16755596080116042,0.15835087622113117,0.1418837552364611,0.15905659370173875,0.14258681565979375,0.1458595214581482,0.1374445342674637,0.14914422550001727,0.160682917573711,0.13955285736952866,0.15660140484682764,0.16679028748701166,0.1499166435056495,0.1413470905254155,0.13106868428423324,0.13955285736952863,0.13998571355677694,0.12967652061957863,0.15938632312717427
15,0.15425952158618927,0.14319217855734998,0.16160445538412607,0.15662375298785303,0.16570757375569775,0.14616429112474771,0.14525494828060076,0.14133647795243803,0.14337363774418227,0.14998666607402142,0.13539202339872172,0.15715915499900093,0.15600961508830155,0.1377534028617805,0.1381991316904705,0.1525614630239236,0.14097872179871684,0.1376081392941566,0.14239030865898142,0.13784048752090225,0.12432216214336046,0.14328642643321107,0.13360763451240354,0.15250901612691625
16,0.15905659370173875,0.15632018423735303,0.15837929157563496,0.1619382598399773,0.1579113675452151,0.15509996776273038,0.1624684584773303,0.14277254638059797,0.13768079023596577,0.15943337166352595,0.16578299068360422,0.1632513399638729,0.17284386017443606,0.14062716664997557,0.1290387538687506,0.14661514246489005,0.1558557024943265,0.14060938802227965,0.15291827882892225,0.15557634781675525,0.14326199775236978,0.1331014650557987,0.12794920867281676,0.14782083750270122
17,0.15837929157563496,0.15690442951045072,0.15477725931156683,0.1640091460864302,0.16412190591142917,0.17268178826963773,0.14277254638059797,0.15576905982896605,0.14497930886854163,0.1499166435056495,0.1403246236410417,0.14484129245487973,0.15365871273702641,0.14616429112474774,0.1262497524750049,0.13898201322473352,0.1438714704171748,0.15523852614605693,0.13360763451240354,0.12542328332490743,0.14207040508142435,0.13876599006961324,0.1491676908717166,0.11789826122551597
18,0.133007518584477,0.1676305461424021,0.14766177569025773,0.13558761005342634,0.16728418933061187,0.1705842900152297,0.1709356604105767,0.15498064395272074,0.15963708842245905,0.13379088160259653,0.16575584454250777,0.1307669683062202,0.14,0.14098226838861688,0.13811227316933133,0.13709850473291094,0.17486852203870198,0.12642784503423288,0.14035668847618202,0.14342593907658405,0.14550257729676133,0.12287798826478241,0.14676171162806734,0.13978197308666093
19,0.1599093493201695,0.14317471843869642,0.14930170796075978,0.15628179676469042,0.15771810295587504,0.1716857594560481,0.14097872179871684,0.15684387141358125,0.16023420358962065,0.15420440979427277,0.16902958320956724,0.16115520469410852,0.13818827736099762,0.1459314907756376,0.14097872179871687,0.146215594243569,0.15277107055984127,0.14317471843869642,0.15063532122314477,0.1389208407691229,0.14798648586948743,0.10954451150103325,0.13926952286842947,0.11832159566199234
20,0.15184202316881845,0.13811227316933133,0.15894653189044422,0.15811388300841897,0.1498365776437783,0.14630105946301278,0.15510963864312238,0.14506550244630873,0.15703184390434954,0.16189811611010177,0.12978443666326098,0.1532970971675589,0.1460787458872782,0.13638181696985857,0.14510685717773647,0.13119070088996398,0.16797618878876852,0.1544538766104626,0.14759403781996078,0.13167763667381036,0.13992497989994496,0.12569805089976538,0.15,0.13341664064126332
21,0.14594176920950355,0.13811227316933133,0.14863041411501213,0.16175289796476602,0.14901006677402706,0.1699264546796643,0.1479019945774904,0.16352064089893972,0.1403246236410417,0.18416297130530881,0.1687927723571125,0.15,0.13283071933856266,0.15235156710713546,0.14889929482707429,0.15855283031217074,0.12961481396815722,0.13119070088996398,0.1433038729413829,0.13833293172632466,0.14044215891248613,0.1310686842842332,0.13978197308666093,0.13720058308914
22,0.15771810295587504,0.16583123951777,0.13592277219068186,0.1346514017751022,0.16203703280423276,0.15867892109539944,0.15036954478883013,0.15548633380461452,0.12054459755625717,0.15317963311093286,0.14444376068214232,0.13610290224679267,0.14012851244482688,0.15250901612691625,0.12221292893961754,0.1525614630239236,0.12563439019631528,0.1598874604213851,0.12489995996796797,0.14119490075778235,0.13258582126305968,0.14065560778013794,0.14606847709208173,0.13313151392514097
23,0.16069847541280535,0.16303067196083074,0.15033296378372907,0.17168284713389395,0.16755596080116042,0.1533492745336606,0.16750820875407868,0.1396424004376894,0.15198684153570663,0.15328405005087778,0.16197530676001204,0.17153425313913254,0.15243359209832982,0.12826145173044004,0.14331433982682965,0.15464798737778648,0.14086873322352267,0.14097872179871687,0.13915459029439167,0.12609123680890755,0.14352700094407325,0.16466936569987753,0.1177964345810178,0.15600961508830155
24,0.1571623364550171,0.1437045580348793,0.16755596080116042,0.1378549962823256,0.1773583942191629,0.16,0.15784802817900515,0.1593737745050923,0.13078226179417451,0.16110865898517063,0.14654350889752846,0.14880860190190623,0.14423591785682235,0.13892443989449804,0.1339066839257847,0.1552932709424333,0.14092196422133776,0.1426148659852822,0.14063783274780653,0.14261486598528222,0.13583445807305303,0.14553006562219367,0.13709850473291094,0.14032462364104173
25,0.1423341139713175,0.16206171663906313,0.15624019969265274,0.17566729917659687,0.15498064395272074,0.15575300960174093,0.16495757030218408,0.1514562643141577,0.15050249167372612,0.1575944161447353,0.15129771974487918,0.15427248620541514,0.15,0.16495757030218408,0.13039938650162433,0.14784789481084945,0.134532523948672,0.13601102896456596,0.15741346829290054,0.14270248771482577,0.15087743370033835,0.15103310895297098,0.15551205741035004,0.13738631664034087
26,0.1394955196413132,0.14662537297480266,0.13671503209230507,0.15797468151574165,0.15715915499900093,0.14722431864335458,0.17116950663012379,0.16374064858794227,0.14072668545801822,0.14242190842703942,0.13518505834595776,0.15929846201391903,0.1435653161456485,0.13860375175297385,0.12083045973594572,0.13811227316933133,0.15730225681788548,0.15387007506334688,0.14190137420053411,0.14065560778013794,0.13850631754544632,0.13592277219068188,0.13674428690076965,0.14387494569938158
27,0.15386682553429115,0.15726092966786123,0.14970303938130317,0.16286190469228828,0.15090062955468408,0.15031965939290842,0.14200000000000002,0.15620499351813308,0.16338910612400082,0.1408935768585637,0.15464798737778648,0.1554863338046145,0.12796874618437112,0.15005332385522155,0.16821414922651426,0.15937377450509227,0.13961017154921057,0.12018319350058895,0.14770240350109404,0.13994284547628721,0.13831485820402667,0.12804686642007293,0.141742724681022,0.13843409984537772
28,0.13592277219068186,0.15065191668213188,0.15508384828859517,0.16278513445643616,0.14757709849431247,0.15771810295587504,0.16361845861637983,0.16217274740226856,0.15498064395272074,0.15736581585592213,0.15066519173319365,0.13527749258468683,0.13021520648526422,0.14168627315304755,0.14790199457749043,0.13539202339872172,0.13965672200076873,0.155679157243351,0.13042622435691376,0.1491945039202182,0.13955285736952866,0.15081114017207087,0.14566742944117606,0.14809118812407443
29,0.14314677781913218,0.14927826365549676,0.1524598307751914,0.15675139552807815,0.1482700239428051,0.16748432762500495,0.14635231463834114,0.15339817469578965,0.1453925720248459,0.14664242223858687,0.14729562111617575,0.16349617732534302,0.16613247725836147,0.14026760139105537,0.1478648031141962,0.15045265035884214,0.1292439553712281,0.1404136745477448,0.15503547981026797,0.1392838827718412,0.15726092966786126,0.1419013742005341,0.1474143819306651,0.15990934932016954
30,0.13477388471065158,0.15297058540778352,0.12649110640673517,0.13564659966250536,0.1488757871515714,0.14148851543499918,0.158113883008419,0.1480675521510368,0.16,0.14026760139105537,0.12189749792346029,0.15132745950421556,0.1493318452306808,0.14,0.14636939570825588,0.14914422550001727,0.15588457268119899,0.13285706605220515,0.13184839779079607,0.1470510115572144,0.13773525329413672,0.1444852933692561,0.1377098398808161,0.1499966666296288
31,0.13935207210515385,0.1537400403278209,0.1428950663948899,0.15516120649182902,0.15081114017207084,0.158779721627165,0.16078246173012778,0.16004999218994043,0.14931845163944074,0.1662648489609274,0.14899664425751338,0.14966629547095767,0.13571661652133835,0.15459301407243473,0.1468706914261658,0.14427751037497144,0.16370705543744898,0.14946236984605857,0.1336974195712094,0.15222023518573344,0.12271511724314979,0.12451505933018704,0.13009227494359535,0.12955307792561319
32,0.15407465722824112,0.14635231463834114,0.15708278072405008,0.14426018161641138,0.16556267695347282,0.1503329637837291,0.1599093493201695,0.15394804318340652,0.16,0.1510595908904827,0.14160155366379282,0.13227244611029162,0.1404670779933861,0.14661514246489005,0.1412055239712668,0.14517231140957976,0.16418282492392436,0.1513406752991409,0.1593078780224004,0.15600000000000003,0.13674794331177345,0.13836184445142383,0.14309088021254185,0.12804686642007293
33,0.1527448853480862,0.15467385040788248,0.14906039044628858,0.14517231140957976,0.15960889699512365,0.14901006677402703,0.1655868352255094,0.1262497524750049,0.15263027222671133,0.14517231140957976,0.1414602417642498,0.16226829634897877,0.1438714704171748,0.1525647403563484,0.15256146302392357,0.13978197308666093,0.1509271347372632,0.14730919862656236,0.13961017154921057,0.13564659966250536,0.13928388277184123,0.14117719362559947,0.13811227316933136,0.14784789481084942
34,0.14317821063276356,0.17348198753761152,0.15249918032566603,0.1558813651467038,0.1418837552364611,0.1697615975419647,0.1443468046061291,0.14378803844548405,0.14497930886854166,0.14131878855976654,0.1570827807240501,0.1306713434537198,0.14428790663115187,0.15172013709458607,0.15198684153570666,0.13479985163196584,0.13949551964131324,0.15321879780235845,0.1388344337691482,0.1411523999087511,0.12519984025548914,0.1295028957205205,0.1420528070824368,0.1336375695678427
35,0.15321553446044564,0.1676186147180557,0.17069270634681497,0.16874537030686204,0.15742934923323543,0.1455884610812272,0.14239030865898142,0.15726092966786123,0.13811227316933133,0.13665650368716448,0.1681992865621017,0.13219304066402285,0.14049555153100046,0.14282856857085702,0.14317821063276356,0.15058220346375595,0.15236797563792726,0.12757350822173075,0.149248115565993,0.16061133210331083,0.13136209498938423,0.1381991316904705,0.13295111883696203,0.12860404348231047
36,0.1396424004376894,0.1570477634352046,0.16568343308852576,0.15198355174162761,0.15357083056361975,0.17161293657530602,0.1470068025636909,0.15119193100162454,0.14305243793798134,0.1366162508635045,0.15759441614473527,0.1537660560722034,0.1250439922587247,0.14398263784220652,0.16592468170829802,0.14345382532369083,0.13758997056471814,0.14316424134538625,0.16606023003717657,0.12529964086141668,0.13568714014231414,0.15012994371543603,0.12798046725965648,0.14244648117802
37,0.13564659966250536,0.1626622267153625,0.1423341139713175,0.16459343850834393,0.14136477637657832,0.13790939054321139,0.14798648586948743,0.15438911878756223,0.1606580218974453,0.1458046638485889,0.14857657958103626,0.14550257729676133,0.14524462124292248,0.15726092966786126,0.14736349615830918,0.15007997867803685,0.13906473312813714,0.14097872179871687,0.16144348856488452,0.1396424004376894,0.142884568795934,0.12766753698571928,0.14730580436629104,0.14420818284688286
38,0.14696938456699066,0.14798310714402502,0.14242190842703942,0.1414213562373095,0.1552385261460569,0.13090454537562857,0.14648890742988016,0.15664928981645593,0.15893080255255745,0.14744151382836518,0.15764199947983407,0.14077997016621363,0.16898520645310938,0.15347964034359737,0.1440104162899337,0.1378985134075056,0.15104966070799364,0.1402105559506844,0.15562454819211524,0.1293986089569745,0.15587174214718974,0.14442645187083977,0.13802535998866297,0.1414602417642498
39,0.15521275720764707,0.15960889699512365,0.15222023518573344,0.15250901612691625,0.14736349615830918,0.1620956507744733,0.14079772725438433,0.15278743403827424,0.1431467778191322,0.13082813153141032,0.14178857499812883,0.16515144564913745,0.1501299437154361,0.16127926091100492,0.14368020044529448,0.13230268326832983,0.13379088160259653,0.15598397353574503,0.1442601816164114,0.13114877048604004,0.11789826122551597,0.14317471843869642,0.13892443989449804,0.14456832294800961
40,0.15256146302392357,0.16276056033326994,0.16575886099994774,0.15427248620541514,0.1616508583336321,0.16886681142249355,0.13989639023220007,0.15708278072405008,0.14216539663363936,0.12884098726725127,0.1562657992012328,0.1532449020359242,0.1567035417595914,0.14295453822806745,0.13181805642627267,0.131190700889964,0.14177094201563306,0.16001249951175692,0.15165750888103102,0.150996688705415,0.1257139610385418,0.1332066064427737,0.14331433982682962,0.15051910177781427
41,0.1494356048604214,0.16015929570274715,0.1494356048604214,0.1599093493201695,0.1560897177907629,0.17768230075052494,0.15726092966786126,0.15071828024496564,0.15918228544659108,0.16374064858794224,0.1474143819306651,0.15684387141358122,0.13243488966280753,0.1395850994913139,0.15248278591368927,0.1389208407691229,0.16078246173012778,0.13847743498491008,0.1620956507744733,0.13526270735128734,0.12114041439585718,0.12835497652993438,0.13151425778218878,0.14825316185498372
42,0.15708596372687156,0.15321553446044558,0.15321553446044564,0.1621449968392488,0.15078461459976614,0.17252246230563717,0.16374064858794227,0.17109938632268673,0.1523285921946369,0.1460513608289906,0.15298365925810506,0.15822768405054788,0.15311433636338564,0.14676171162806734,0.15653753543479595,0.1394955196413132,0.1421653966336394,0.12619033243477887,0.14876491521860927,0.1518025032731674,0.13826062346163495,0.14790199457749043,0.13474420210161178,0.13360763451240354
43,0.1499866660740214,0.14927826365549673,0.1431782106327635,0.15613775968675866,0.14813507349712962,0.17404309811078403,0.14221111067704942,0.1552932709424333,0.14300699283601484,0.13948476619330155,0.1749742838247952,0.14374978260853127,0.16798511838850488,0.15134067529914091,0.13294735800308333,0.15182555779578089,0.1538960688256851,0.1408935768585637,0.15905659370173875,0.13423486879346963,0.14951922953252536,0.15236797563792726,0.13408579343092245,0.1426148659852822
44,0.1345213737664019,0.15943337166352595,0.17139428228502843,0.1543243337908834,0.16992939710362065,0.17117242768623692,0.1595117550527233,0.14759403781996072,0.15588136514670378,0.14400000000000002,0.13196969349058896,0.1302727907124124,0.13917973990491578,0.16596385148579795,0.15393505123915088,0.14508962747212498,0.1498632710172843,0.1538668255342912,0.15198355174162761,0.1295337793781993,0.14378803844548405,0.1532155344604456,0.11772425408555369,0.14696938456699069
45,0.13494813818648999,0.14687069142616577,0.14387494569938158,0.14188375523646107,0.15817395487247576,0.149248115565993,0.1475262688472802,0.1412055239712668,0.15066519173319365,0.14106381534610496,0.14722431864335456,0.15132415537514163,0.15677691156544704,0.14722431864335458,0.15362291495737215,0.13963881981741325,0.15542200616386345,0.13738631664034084,0.15065191668213188,0.15282669923805853,0.141063815346105,0.14702380759591283,0.1426744546160945,0.13496666255042394
46,0.13789851340750559,0.15576905982896602,0.13955285736952863,0.1388380351344688,0.15728636304524304,0.1471597771131772,0.1414213562373095,0.1508111401720708,0.147648230602334,0.15315351775261318,0.14062716664997557,0.1343837787830064,0.15290192935342575,0.15007997867803685,0.15519020587653076,0.15653753543479595,0.1501299437154361,0.13526270735128734,0.13526270735128734,0.13610290224679267,0.14983657764377828,0.15900943368240766,0.15378881623837282,0.12204917041913886
47,0.17242679606140107,0.17338973441354594,0.1524335920983298,0.15711142542794268,0.15535765188750764,0.1299038105676658,0.15600961508830152,0.14705101155721437,0.15050249167372615,0.1562401996926527,0.15937377450509224,0.13585286158193358,0.16202160349780523,0.16734395716607156,0.1293792873685738,0.1631441080762649,0.1624807680927192,0.15047923444781341,0.15942396306703707,0.1452583904633395,0.13856406460551018,0.15131424255502193,0.1521709564930181,0.14387147041717477
48,0.14092196422133774,0.14876491521860927,0.13917973990491575,0.16100931650062986,0.12813664581219533,0.15495483212859157,0.1519045753096331,0.158113883008419,0.15954936540143305,0.14097872179871687,0.17741194999210172,0.14309088021254185,0.17081861725233582,0.16204628968291745,0.1659487872808958,0.13143439428094916,0.15103310895297098,0.16204628968291745,0.16917151060388388,0.16606926265868707,0.12922847983320085,0.1261110621634756,0.15198684153570668,0.1520657752421629
49,0.16202160349780523,0.133007518584477,0.14015705476357584,0.15559884318336045,0.14793241700181878,0.16831815113053017,0.14810806865258896,0.172449992751522,0.13860375175297385,0.15038616957685969,0.16374064858794227,0.15919798993705916,0.13601102896456596,0.15291827882892223,0.15508384828859517,0.14098226838861685,0.15169377047196103,0.15583324420674813,0.13955285736952866,0.12990381056766578,0.15235156710713546,0.14185908501044267,0.14691494137765565,0.12674383614203888
50,0.12888366847665378,0.15960889699512368,0.14021055595068438,0.14470314440260099,0.15938632312717424,0.1614032217770141,0.1670808187674456,0.14632498077908637,0.1502131818450032,0.1614032217770141,0.16065802189744527,0.160682917573711,0.14204224723651765,0.15606408939919522,0.15918228544659108,0.1203993355463393,0.16240689640529432,0.14927826365549676,0.1525909564816998,0.15195723082499235,0.1463249807790864,0.14483093592185342,0.14448183276799892,0.13300751858447704
51,0.13998571355677691,0.1321514282934543,0.14951922953252533,0.14991664350564948,0.1615425640504694,0.17153425313913254,0.15855283031217068,0.15559884318336045,0.14996999699939983,0.15968719422671315,0.1471597771131772,0.15994999218505765,0.13484806264830057,0.1466287829861518,0.14654350889752846,0.15435025105259792,0.15644807445283562,0.1477125587077822,0.14847221962373972,0.14,0.16085707942145414,0.14998666607402142,0.131829435256319,0.12967652061957863
52,0.1479019945774904,0.15297058540778355,0.1493318452306808,0.14986327101728425,0.18009997223764362,0.14983657764377828,0.16167560112769028,0.15316331153380042,0.14575321608801636,0.1486573240711671,0.1526138918971664,0.15898113095584643,0.1718458611663371,0.14309088021254185,0.1349666625504239,0.15572732579736925,0.162,0.14946236984605857,0.13790939054321139,0.1552932709424333,0.13070577645995604,0.13958509949131392,0.14844527611210806,0.14247806848775008
53,0.12835497652993436,0.14563996704201768,0.15771810295587502,0.14847221962373972,0.1396280774056565,0.16093166251549132,0.15058220346375598,0.17346757622103331,0.16028412273210346,0.15362291495737215,0.14930170796075978,0.17406895185529211,0.15544774041458434,0.1466253729748027,0.1560256389187367,0.14757709849431247,0.15051910177781425,0.16738876903783,0.15050249167372612,0.13776429145464364,0.15580436450882884,0.1392838827718412,0.13889204440859815,0.1438749456993816
54,0.13850631754544626,0.16288339387426823,0.14676171162806734,0.17632640188014956,0.1627114009527298,0.16695807857064002,0.15165750888103102,0.15811388300841897,0.16817847662528043,0.15963708842245902,0.16053348560347153,0.15381482373295494,0.15256146302392357,0.14168627315304755,0.16209565077447327,0.17605680901345452,0.14594519519326427,0.15011995203836165,0.146846859006245,0.154463587942272,0.1460958589419974,0.1494623698460586,0.15903144343179432,0.14947909552843835
55,0.13805433712853793,0.16776173580408615,0.14867414032036638,0.1633248297106107,0.15252540771950096,0.15644487847162014,0.17291616465790585,0.1583161394173064,0.15235156710713546,0.15741346829290054,0.14026760139105535,0.1588049117628293,0.14676171162806734,0.1459588983241515,0.15173661390712526,0.1502797391533536,0.1435931753252918,0.14876491521860927,0.14741438193066508,0.15190786681406596,0.15588457268119899,0.13497777594848717,0.12076423311560422,0.15058220346375598
56,0.13315780112332884,0.15425952158618927,0.151657508881031,0.14906039044628858,0.15091719583930785,0.14267445461609446,0.13601470508735442,0.1745709025009609,0.1464377000638838,0.15058220346375598,0.150996688705415,0.1470510115572144,0.1423903086589814,0.14593149077563758,0.1570827807240501,0.1765106229097841,0.15158825812047577,0.15771810295587504,0.14676171162806734,0.155161206491829,0.1627114009527298,0.14879180084937477,0.154544491975612,0.14326199775236978
57,0.14783774890061063,0.14476187343358057,0.16193825983997728,0.15689486925964147,0.15420440979427277,0.1697615975419647,0.16544183267843718,0.1779072792215091,0.13507035203922435,0.13610290224679267,0.15173661390712523,0.1346811048365731,0.16584329953302304,0.15525462956060276,0.14621559424356895,0.14317821063276354,0.16398475538902998,0.1472786474679884,0.17711860433054455,0.1467344540317645,0.13490737563232041,0.14676171162806734,0.1394668419374297,0.13817018491700733
58,0.16448708155961672,0.16992645467966425,0.13712767773137557,0.16486054712999104,0.15256146302392357,0.15516120649182902,0.14594519519326424,0.16093166251549132,0.15308820986607688,0.15456713751635562,0.1434538253236908,0.15014659503298766,0.14994665718181246,0.15754047099079016,0.14966629547095767,0.14662537297480266,0.16413104520473876,0.15156186855538567,0.1517201370945861,0.1596840630745598,0.1396424004376894,0.1455025772967613,0.14164744967700618,0.1649242250247064
59,0.12574179893734622,0.15789553508570153,0.16148064899547562,0.14822617852457778,0.16155494421403513,0.15256146302392357,0.145667429441176,0.15420440979427275,0.17051392904979934,0.154722331936925,0.13659795020423987,0.13811227316933133,0.1450655024463087,0.1566652482205291,0.1502631025900903,0.14448529336925608,0.1387227450708787,0.16090680532531867,0.15420440979427272,0.14402777509911066,0.13422369388450012,0.13951344021276227,0.14860686390607938,0.15124483462254174
60,0.14647866738880444,0.14825316185498372,0.15498064395272074,0.149248115565993,0.15230233090796738,0.16062378404209013,0.15127458477880545,0.15460918472070148,0.15898113095584646,0.16209565077447327,0.1549548321285916,0.14662537297480266,0.16239150224072688,0.15817395487247576,0.14235167719419395,0.1396280774056565,0.15197368193210295,0.16142800252744252,0.14927826365549676,0.15852760012060993,0.15612815249018994,0.14412147653975796,0.1461369220970525,0.16015929570274715
61,0.126,0.1477125587077822,0.1580474612260507,0.14525494828060073,0.15156186855538564,0.1624930767755968,0.1606237840420901,0.15890563237343097,0.13955644019535607,0.16023420358962065,0.15748015748023622,0.1590723106011854,0.16401219466856726,0.14317471843869642,0.16695807857064,0.15396103403134181,0.16413104520473876,0.16386274744431695,0.16209873534361702,0.14006784070585226,0.1478208375027012,0.15324490203592417,0.15058220346375595,0.14406942770761602
62,0.13067516979135707,0.14627371602581238,0.1423903086589814,0.1446513048679479,0.15779416972752827,0.1754536975956905,0.15261389189716643,0.14536505769957234,0.14055603864651278,0.14810806865258896,0.14063783274780653,0.15835087622113114,0.15835087622113114,0.14387494569938158,0.154722331936925,0.14641038214552954,0.14525839046333952,0.14654350889752846,0.15211508800904663,0.1383437747063452,0.1566492898164559,0.15792086625902224,0.14316424134538625,0.14508962747212495
63,0.13564659966250536,0.12922461065911553,0.1503329637837291,0.1435653161456485,0.16486054712999104,0.165345093667759,0.13711309200802088,0.1757811138888362,0.1427270121595769,0.14866068747318503,0.14012851244482688,0.14221111067704942,0.12512393855693638,0.15208878985645194,0.14097872179871684,0.152,0.13444329659748752,0.15559884318336045,0.15282669923805853,0.15567915724335094,0.15300653580811507,0.14434680460612903,0.1503329637837291,0.16043378696521501
64,0.144149228232412,0.1510595908904827,0.15480310074413883,0.15726092966786123,0.14489996549343964,0.15124483462254174,0.15226293048539424,0.14561593319413915,0.15219724044804492,0.14462364951832737,0.1536587127370264,0.15290192935342575,0.16644518617250545,0.14654350889752843,0.16393596310755,0.16241613220367,0.15261389189716643,0.1410815367083872,0.14345382532369083,0.1371276777313756,0.15256146302392357,0.14275503493747602,0.1428950663948899,0.141718029904455
65,0.13392535234226566,0.14333178293735133,0.15708278072405005,0.15195723082499232,0.14387494569938156,0.15748015748023622,0.16948156241904308,0.15451537140362442,0.1544150251756609,0.15394804318340655,0.149248115565993,0.14291256067959876,0.15765785740013086,0.15754047099079013,0.16124515496597097,0.14267445461609446,0.1648757107641996,0.14253420642077466,0.14981321704042,0.15495483212859157,0.15835087622113117,0.152,0.15344054223053305,0.14026760139105537
66,0.15792086625902227,0.14416657032752078,0.1591728620085723,0.15621779668142807,0.14757709849431244,0.14191194452899303,0.13405595846511262,0.14244648117801997,0.15116547224812948,0.16835676404587968,0.13452137376640189,0.14412147653975796,0.16057397049335234,0.14517575555167606,0.149248115565993,0.16,0.1608570794214541,0.1571623364550171,0.13061010680647955,0.14119490075778232,0.1440104162899337,0.1514067369703211,0.15297058540778355,0.14143549766589716
67,0.14330387294138286,0.13987136947924686,0.16169106345126188,0.16519987893458035,0.1459143584435747,0.15829087149927504,0.15976232346833216,0.16040885262353818,0.15182555779578089,0.16105589091989153,0.16815171720800237,0.15153877391611692,0.1408935768585637,0.16003437130816614,0.14060938802227965,0.14160155366379282,0.13240468269664785,0.1342050669684271,0.16030907647416598,0.15065191668213188,0.1480911881240744,0.13790939054321136,0.14204224723651765,0.1419718281913704
68,0.15190457530963308,0.1558043645088288,0.13076314465475353,0.13712767773137557,0.157797338380595,0.16430459518832696,0.1578100123566309,0.14722431864335456,0.15277107055984127,0.1514562643141577,0.14621559424356895,0.12519984025548914,0.1412055239712668,0.14857657958103626,0.17848249213858486,0.16552945357246845,0.15058552387264854,0.1628987415543779,0.13709850473291094,0.14961283367412032,0.16203703280423276,0.1553415591527264,0.15076803374721048,0.1444818327679989
69,0.14510685717773644,0.1445648643343188,0.12480384609458153,0.14837789592793124,0.12936769303036982,0.13392535234226566,0.14768547660484424,0.1370255450636851,0.15058220346375598,0.1289806186990898,0.18508376482014838,0.15329383549249456,0.16312878348102766,0.15256146302392357,0.1704435390385919,0.16594878728089577,0.1560256389187367,0.1524827859136893,0.15451860729374955,0.1502631025900903,0.1588049117628293,0.15708278072405005,0.14378803844548405,0.1646177390198274
70,0.13228378585450296,0.16023420358962065,0.144703144402601,0.15867892109539944,0.15793669617919706,0.1549548321285916,0.15031965939290842,0.17369801380557004,0.1574293492332354,0.15742934923323543,0.15662375298785303,0.1599093493201695,0.1289147004805891,0.15516442891333052,0.15793669617919706,0.17804212984571935,0.1734675762210333,0.1431467778191322,0.1404421589124861,0.14876491521860924,0.151657508881031,0.14497930886854166,0.15749285698088022,0.14722431864335456
71,0.15387007506334685,0.13490737563232041,0.14491376746189438,0.15606408939919522,0.13219304066402285,0.1558717421471897,0.14006784070585224,0.15765785740013089,0.14878171930717832,0.16881646839097184,0.14253420642077466,0.15687893421361582,0.15980926130859874,0.15368474224853945,0.14282856857085702,0.15905973720586863,0.1453925720248459,0.1375899705647181,0.144512975196001,0.1455025772967613,0.14174272468102195,0.1352737964278374,0.15683111936092275,0.15676734353812338
72,0.12702755606560334,0.14550257729676128,0.1459143584435747,0.16239150224072688,0.14148851543499916,0.1489966442575134,0.14258681565979375,0.1570827807240501,0.14560219778561034,0.15118200951171407,0.1407515541654869,0.1407124727947029,0.14485855169785455,0.1684369318172235,0.15689486925964147,0.1502531197679436,0.17233687939614084,0.15190457530963314,0.1435931753252918,0.15249918032566603,0.1479019945774904,0.142884568795934,0.12975361266646873,0.15119193100162454
73,0.14676171162806734,0.15835087622113114,0.14558846108122714,0.16118002357612435,0.15031965939290842,0.16155184926208674,0.16614451540752104,0.15381482373295494,0.1444264518708398,0.14575321608801636,0.13482952198980755,0.15169377047196103,0.17018813119603848,0.14857994481086603,0.15111584959890872,0.15066519173319365,0.1520657752421629,0.15953369550035504,0.1407124727947029,0.14632498077908637,0.14150618361046982,0.15231546211727817,0.14970303938130314,0.11575836902790225
74,0.1256821387469198,0.14876491521860924,0.16310732662881824,0.16217274740226853,0.15206577524216286,0.1567673435381234,0.1572768260107,0.14309088021254182,0.15331014317389438,0.14647866738880444,0.16402438843050138,0.14849579118614775,0.14204224723651762,0.14510685717773644,0.1482430436816514,0.15326773959317075,0.15589740215924058,0.14646159906268943,0.13744453426746367,0.15598397353574497,0.1506784656146989,0.1561121391820636,0.1371531990148243,0.145089627472125
75,0.14675149062275314,0.16005936398724066,0.12890306435457613,0.13912584231550945,0.15716233645501712,0.15738805545529813,0.16815469068687913,0.15837929157563496,0.13847743498491008,0.16511813952440235,0.15510963864312236,0.14517231140957976,0.14978651474682222,0.15703184390434954,0.16746342884343435,0.1538668255342912,0.12950289572052048,0.1501299437154361,0.142464030548065,0.16048675957847736,0.1435653161456485,0.15907231060118537,0.1394668419374297,0.144149228232412
76,0.1596120296218302,0.16288339387426823,0.14919450392021816,0.1665502927046362,0.14545102268461366,0.16040885262353818,0.14876491521860924,0.14291256067959876,0.17555341067606747,0.16733200530681508,0.15942396306703704,0.15835087622113117,0.15491933384829665,0.15814866423716642,0.14970303938130314,0.14286707108357755,0.12713772060250256,0.14899664425751338,0.15058220346375598,0.1428950663948899,0.16155184926208677,0.1463523146383411,0.13908270920570967,0.14744151382836518
77,0.1546091847207015,0.1483610461003831,0.13674794331177342,0.1483104851316993,0.15391880976670785,0.16105589091989153,0.16643316977093237,0.15904716281656833,0.17044353903859188,0.1388380351344688,0.14211263138792413,0.1524598307751914,0.15417846801677593,0.1423903086589814,0.15471263684650974,0.16364290390970213,0.16575886099994777,0.14714278779471318,0.14077997016621363,0.13032267646115928,0.159449051423958,0.14448183276799892,0.17947423213375227,0.155161206491829
78,0.14395832730342484,0.14492756811593852,0.1540259718359212,0.14621559424356897,0.16798511838850486,0.1492112596287559,0.15512575543732254,0.1721017141111616,0.1611955334368791,0.15531902652283136,0.13624977064200877,0.15485154180698366,0.14991664350564954,0.150582203463756,0.15236797563792726,0.14620533505997654,0.1414213562373095,0.15600961508830152,0.13518505834595773,0.13820274961085252,0.15986244086714052,0.1479019945774904,0.14314677781913224,0.1317990895264455
79,0.1631686244349691,0.13272528018429647,0.16172816699635223,0.14539257202484585,0.16743954132760877,0.15860643114325473,0.1581265316131357,0.15386682553429118,0.14607874588727815,0.1374772708486752,0.17011466721009097,0.1470238075959128,0.16393901305058536,0.16192282112166895,0.15547025438970632,0.1544150251756609,0.13564659966250536,0.15195723082499235,0.14643770006388385,0.1374772708486752,0.14359317532529184,0.15404869360043275,0.14202464574854606,0.15831613941730643
80,0.15937377450509224,0.15190457530963308,0.1526433752247375,0.15898113095584646,0.15817395487247576,0.15078461459976614,0.14863041411501213,0.16031219541881397,0.1483374531263093,0.16763054614240214,0.1492112596287559,0.15362291495737218,0.15186836405255702,0.14378803844548405,0.15542200616386342,0.13674428690076965,0.14628738838327793,0.14202464574854606,0.14696938456699069,0.1402105559506844,0.14049555153100046,0.13512586724976092,0.1426148659852822,0.14832396974191325
81,0.155679157243351,0.15768322675541618,0.18560980577544928,0.161752897964766,0.15103310895297098,0.1575150786432842,0.14326199775236978,0.14309088021254185,0.13863260799682015,0.14456486433431875,0.14164744967700618,0.13797101144805746,0.13348782716038196,0.14853955702101715,0.14798648586948743,0.15961202962183021,0.14744151382836518,0.1479019945774904,0.13405595846511262,0.13917973990491578,0.16410667262485096,0.14768547660484424,0.14635231463834114,0.13610290224679267
82,0.17962182495454165,0.13240468269664785,0.15105959089048268,0.1707014938423211,0.15222023518573344,0.1720784704720495,0.16092234151913154,0.1606237840420901,0.15407465722824115,0.14272701215957687,0.1342050669684271,0.12278029157808676,0.1413470905254155,0.14379151574414953,0.14177446878757827,0.1509006295546841,0.132664991614216,0.15817395487247576,0.1339066839257847,0.14247806848775008,0.14659809002848573,0.14628738838327796,0.12510395677195826,0.1374772708486752
83,0.1675559608011604,0.16068291757371098,0.1570222914111242,0.15417846801677595,0.14345382532369083,0.14204224723651762,0.1495693818934878,0.1498799519615616,0.12653458025377884,0.15381482373295494,0.1575404709907902,0.1440104162899337,0.15562454819211524,0.13782597723216042,0.134892549831338,0.15058220346375598,0.14428790663115187,0.13790939054321139,0.13076314465475355,0.14876491521860927,0.14317471843869645,0.1443987534572235,0.13568714014231414,0.12890306435457616
84,0.16643316977093242,0.16031219541881397,0.16917151060388388,0.1570827807240501,0.1601124604770035,0.1627882059609971,0.13615799645999496,0.15197368193210298,0.14919450392021819,0.14120552397126682,0.150996688705415,0.13892443989449804,0.15339817469578967,0.1499166435056495,0.14142135623730953,0.13695254652615996,0.13042622435691376,0.12196720870791461,0.13929824119492681,0.1332516416409194,0.13076314465475355,0.1464889074298802,0.13285706605220515,0.14328642643321107
85,0.1656019323558756,0.16648123017325406,0.142884568795934,0.15867892109539944,0.1482430436816514,0.17337531542869647,0.15503547981026794,0.15156186855538567,0.14258681565979375,0.15575300960174093,0.14714278779471324,0.15877972162716497,0.13955285736952863,0.1334765897077087,0.13690872872099866,0.1567928569801571,0.13987136947924692,0.13724430771438212,0.128062484748657,0.141718029904455,0.15652156400956388,0.13393655214316966,0.13440238093129156,0.13860375175297387
86,0.154722331936925,0.14958609561052125,0.15898113095584648,0.154220621189256,0.16332482971061074,0.16248076809271922,0.1616292052817188,0.13453624047073712,0.13166624472506233,0.15158825812047583,0.14026760139105537,0.1440971894243604,0.15099668870541502,0.14467549896233295,0.14985326155943357,0.1296572404457229,0.13989639023220007,0.15636815532582077,0.1271652468247516,0.1295337793781993,0.14857994481086606,0.13377593206552518,0.1305220287920779,0.13219304066402288
87,0.15968719422671313,0.15103310895297098,0.17408044117591154,0.1808203528367313,0.1746882938264611,0.16364290390970213,0.15208878985645194,0.1497297565616134,0.13680643259730152,0.15456713751635567,0.15100993344810135,0.14302447343024902,0.15639373388982053,0.1323782459469833,0.12678722333105968,0.13315780112332887,0.14582180906846548,0.1319507483874192,0.14585952145814823,0.1351443672522092,0.14191194452899306,0.1342348687934696,0.12826145173044004,0.1243985530462473
88,0.17675972391922318,0.16156732342896565,0.14008568806269966,0.16413104520473876,0.16288339387426823,0.15129771974487918,0.14813507349712965,0.14832396974191325,0.14142135623730953,0.12703936397825677,0.12742056348957181,0.11947803145348522,0.12054459755625718,0.14795607456268903,0.11385956261992226,0.12155657119218195,0.14168627315304755,0.12219247112649782,0.1259325216137595,0.126,0.12221292893961752,0.13763720427268203,0.11825396399275588,0.13243488966280753
89,0.17376996288196644,0.16393596310755001,0.16815469068687913,0.15531902652283142,0.16570757375569772,0.15329383549249462,0.1282029640842988,0.13928388277184123,0.12698031343479982,0.13167763667381036,0.12336531116971255,0.11135528725660046,0.13718236038208412,0.11318568814121334,0.11608186766243903,0.13073255141700557,0.11532562594670795,0.11904200939164292,0.13143819840518206,0.10849423947841655,0.11504781614615725,0.12369316876852983,0.10707007051459339,0.10512373661547615
90,0.1669610733075228,0.15367498169838836,0.15341447128612087,0.14282856857085702,0.1329059818066892,0.12449899597988734,0.1130088492110242,0.13073255141700557,0.11863810517704673,0.11532129031536198,0.12637642185154635,0.12449899597988734,0.13778243719719868,0.12124355652982141,0.10983624174196785,0.1126232658024087,0.11074294559925703,0.11511298797268708,0.1108647825055369,0.10665833300778706,0.11840185809352827,0.11300884921102418,0.10428806259586954,0.10512373661547615
91,0.1760994037468611,0.18127051608024952,0.145089627472125,0.1459143584435747,0.16904437287292354,0.13243488966280753,0.1444264518708398,0.13668942899873424,0.13300751858447704,0.12247448713915893,0.10712142642814278,0.11368377192897854,0.11991246807567596,0.12439855304624729,0.13385066305401705,0.10099504938362079,0.1104536101718726,0.11884443613396466,0.11341957503006259,0.11336225121265017,0.10313098467482991,0.11670047129296439,0.118536914081648,0.098508882848198
92,0.15738805545529816,0.18798670165732467,0.18175808097578497,0.15124483462254174,0.14764823060233404,0.17018813119603846,0.14015705476357584,0.12901162738296112,0.13961017154921057,0.11445523142259598,0.13527749258468685,0.11191067866830225,0.1295028957205205,0.11651609330903608,0.12913171570144957,0.11434596626029273,0.11556816170554933,0.11704272724095251,0.12034949106664308,0.09844287683728062,0.12439855304624729,0.1142978564978364,0.10719608201795436,0.09597395480024776
93,0.16217274740226856,0.1866842253646515,0.16529972776747096,0.1534796403435974,0.16093166251549132,0.16911534525287764,0.1428950663948899,0.13348782716038196,0.12599603168354154,0.12854571171377133,0.12851459061133877,0.12874781551544864,0.11907560623402262,0.13544002362669613,0.11353853971229332,0.12489995996796799,0.11597844627343479,0.11637869220780926,0.11825396399275588,0.1174052809715134,0.10834666584625485,0.11918053532351668,0.11717934971657765,0.11339753083731587
94,0.14079772725438433,0.16471490521504117,0.1458629493737186,0.14006784070585226,0.1625392260348252,0.1392838827718412,0.1549548321285916,0.16278820596099705,0.14880860190190623,0.1460273946901745,0.1339066839257847,0.12247448713915891,0.12286578042726139,0.13527749258468683,0.12427389106324789,0.12507597691003658,0.1371130920080209,0.14022838514366484,0.13474420210161178,0.13553966209195006,0.11987910576910392,0.10097524449091472,0.12700787377166822,0.12319090875547596
95,0.16393596310755001,0.16505756571572236,0.16103105290595351,0.15256146302392357,0.16393596310755001,0.15226293048539424,0.1513142425550219,0.15391880976670785,0.14853955702101712,0.15177615095923339,0.1585528303121707,0.13615799645999496,0.15430813329180026,0.14106735979665885,0.12237646832622683,0.1502631025900903,0.14689792374298558,0.15394804318340652,0.14049555153100046,0.14060938802227965,0.1406982586956925,0.12545517127643643,0.1489261561982985,0.13975335416368367
96,0.1581897594662815,0.1495693818934878,0.15079456223617613,0.16393596310755001,0.1331878372825387,0.14261486598528222,0.15173661390712528,0.15295751043999115,0.14941218156495809,0.17046700560519035,0.1622682963489788,0.1606237840420901,0.1474143819306651,0.1553673067282818,0.1385640646055102,0.1417603611733548,0.15459301407243473,0.1336974195712094,0.16811900546934008,0.15036954478883016,0.1460787458872782,0.1426323946374035,0.16767826334978544,0.1487918008493748
97,0.14996999699939986,0.1586789210953994,0.16278513445643616,0.16117071694324628,0.14744151382836518,0.14654350889752846,0.16533602148352305,0.1360735095453924,0.14833745312630928,0.15882065356873457,0.15052906696050433,0.14857657958103626,0.1467787450552702,0.1451344204522139,0.157175061635108,0.14035312607847394,0.14162979912433685,0.14212670403551894,0.13527749258468683,0.13592277219068188,0.14274452704044385,0.1407124727947029,0.15948667655951704,0.1433038729413829
98,0.15713370103195562,0.159486676559517,0.14522740788157032,0.17058722109231983,0.14991997865528128,0.14696938456699069,0.15092713473726319,0.14358272876638054,0.1619382598399773,0.13906473312813714,0.16437457224278942,0.1595117550527233,0.13139254164525474,0.15021318184500324,0.15942396306703707,0.1352442235365341,0.14075155416548693,0.14122322755127786,0.15256474035634843,0.12202868515230346,0.13343163043296744,0.13360763451240354,0.16371927192606253,0.1349777759484872
99,0.13227244611029162,0.16515144564913745,0.15063532122314477,0.162,0.1593737745050923,0.1545962483374031,0.1244829305567635,0.1442775103749715,0.13152566289511716,0.13119070088996398,0.14168627315304755,0.1299961537892564,0.11580587204455568,0.12173331507849444,0.11575836902790228,0.12031624994156026,0.12120643547270912,0.11313708498984762,0.11625833303466898,0.12760877712759416,0.11789826122551597,0.11635720862928951,0.10862780491200219,0.12097933707869292
100,0.1307669683062202,0.1618981161101018,0.15023648025696026,0.1444852933692561,0.13234802605252563,0.13671503209230507,0.13039938650162433,0.11683749398202618,0.13676256797823008,0.13969967788080256,0.1313620949893842,0.11991246807567596,0.13738631664034087,0.12599603168354154,0.11618519699169942,0.11197767634667191,0.1172134804534018,0.11805083650698968,0.1263487237766967,0.1292903708711519,0.12120643547270914,0.11771151175649731,0.10889903580840377,0.11923086848631106
